<NotepadPlus>
    <Session activeView="0">
        <mainView activeIndex="3">
            <File firstVisibleLine="0" xOffset="0" scrollWidth="1" startPos="240" endPos="240" selMode="0" lang="HTML" encoding="-1" filename="G:\!  MY\!  CODE\! C\!   C\EXAMPLES\HTML\EXAMPLE.HTML" backupFilePath="" originalFileLastModifTimestamp="1559029018" />
            <File firstVisibleLine="31" xOffset="0" scrollWidth="85900" startPos="844" endPos="844" selMode="0" lang="HTML" encoding="-1" filename="G:\!  MY\!  CODE\! MY WEB SITES\! STARPOWER\image.html" backupFilePath="" originalFileLastModifTimestamp="1559026020" />
            <File firstVisibleLine="33" xOffset="0" scrollWidth="281140" startPos="1053" endPos="842" selMode="0" lang="HTML" encoding="-1" filename="G:\!  MY\!  CODE\! MY WEB SITES\! STARPOWER\font.html" backupFilePath="" originalFileLastModifTimestamp="1559026020">
                <Mark line="48" />
            </File>
            <File firstVisibleLine="0" xOffset="0" scrollWidth="3740" startPos="253" endPos="253" selMode="0" lang="HTML" encoding="-1" filename="G:\!  MY\!  CODE\! MY WEB SITES\! STARPOWER\main.html" backupFilePath="" originalFileLastModifTimestamp="1559431058" />
        </mainView>
        <subView activeIndex="0" />
    </Session>
</NotepadPlus>
