<NotepadPlus>
    <InternalCommands />
    <Macros>
        <Macro name="Trim Trailing and save" Ctrl="no" Alt="yes" Shift="yes" Key="83">
            <Action type="2" message="0" wParam="42024" lParam="0" sParam="" />
            <Action type="2" message="0" wParam="41006" lParam="0" sParam="" />
        </Macro>
    </Macros>
    <UserDefinedCommands>
        <Command name="Compile" Ctrl="yes" Alt="no" Shift="no" Key="120">&quot;C:\!\!MY\! CODE\! MIRACLE FASMG\EMULATOR\MAKE.BAT&quot;</Command>
        <Command name="TinyCC" Ctrl="no" Alt="no" Shift="no" Key="0">C:\tcc\tcc.exe</Command>
        <Command name="SUNSPIRE" Ctrl="no" Alt="no" Shift="no" Key="36">&quot;G:\! MY\! CODE\! C\! C\EXAMPLES\! SUNSPIRE\sunspire.bat&quot;</Command>
        <Command name="Sunspire" Ctrl="no" Alt="no" Shift="no" Key="36">&quot;G:\! MY\! CODE\! C\! C\EXAMPLES\! SUNSPIRE\sunspire.bat&quot;</Command>
    </UserDefinedCommands>
    <PluginCommands />
    <ScintillaKeys />
</NotepadPlus>
